epoch,reward_sum,sgen_56,sgen_69,sgen_79,sgen_85,sgen_86,sgen_87,sgen_88
0,-3.639972019658383,0.3341680020093918,18.957846514582634,7.604923033192754,8.291712328791618,4.739477712921798,2.1596716654300687,8.341973350048066
1,-4.143631785020096,0.33416800297119126,18.957846515085677,7.60492303357948,8.291712329430075,4.739477713025598,2.1596716655254697,8.341973350999869
2,-4.112579201844673,0.3341680035013001,18.95784651538988,7.604923034187621,8.291712330159422,4.739477713473548,2.15967166639619,8.341973351005745
3,-4.116753687418046,0.3341680041864057,18.957846516270447,7.604923034641468,8.29171233059543,4.739477713843105,2.1596716665628657,8.3419733519627
4,-4.154108603029572,0.3341680048806458,18.957846516482498,7.604923035390974,8.291712330689915,4.739477714180339,2.1596716671840714,8.341973352747164
5,-4.12111254486315,0.33416800519314144,18.95784651718275,7.604923036388623,8.291712330948407,4.739477714866147,2.159671668178414,8.341973352827889
6,-4.150439903934727,0.3341680055419528,18.957846518063285,7.604923037182029,8.291712331739589,4.739477715243303,2.1596716686205517,8.34197335359841
7,-4.13034670094647,0.33416800647668493,18.957846518706667,7.604923037941911,8.291712331879248,4.7394777154406125,2.1596716688445095,8.34197335370704
8,-4.143615096471687,0.3341680065627606,18.95784651933617,7.604923038433526,8.291712332396584,4.7394777157429715,2.159671669709128,8.341973354549934
9,-4.125824191858488,0.33416800662904367,18.957846520135785,7.604923038600838,8.29171233309091,4.739477716345273,2.159671670506849,8.341973355438
10,-4.211499375849664,0.33416800756543313,18.957846520947037,7.604923039214261,8.291712333475443,4.739477716512929,2.159671671066656,8.341973356333751
11,-4.122619539804331,0.33416800814460024,18.95784652192633,7.604923039996007,8.291712333712399,4.739477717215497,2.1596716711079096,8.341973356558059
12,-4.110053287141039,0.33416800880752257,18.957846522043422,7.604923040464119,8.29171233467056,4.739477717265214,2.159671671496384,8.34197335698917
13,-4.16909588154104,0.3341680092117318,18.95784652210315,7.604923040694064,8.291712335221488,4.739477718217539,2.1596716717838498,8.341973357077292
14,-4.150250837088739,0.334168009774399,18.95784652307559,7.604923041111213,8.291712335667832,4.739477718428057,2.1596716720224194,8.341973357283079
15,-4.152676495500263,0.3341680107497124,18.95784652387018,7.604923041143872,8.291712336046997,4.739477718965379,2.1596716723962963,8.34197335770107
16,-4.175837700471814,0.3341680108213315,18.957846524816492,7.604923041889997,8.291712336426938,4.739477719510714,2.1596716730947554,8.341973357780528
17,-4.1755770465575335,0.3341680109823867,18.957846525600363,7.604923042156491,8.291712337142096,4.739477720478766,2.159671673311455,8.34197335831365
18,-4.117998828338717,0.3341680119667035,18.957846526397685,7.604923042948404,8.291712337487871,4.739477720524867,2.159671673874014,8.341973359039033
19,-4.156026310909405,0.3341680120495587,18.957846527211437,7.604923043793391,8.291712337716467,4.739477720705226,2.159671674407428,8.341973359883887
20,-4.088048663175799,0.33416801284085984,18.957846527583897,7.604923044679819,8.29171233784877,4.739477721032828,2.1596716751277056,8.34197336027249
21,-4.12341892675718,0.33416801354154396,18.957846528358594,7.604923044878968,8.291712338277852,4.739477722021089,2.159671675676242,8.341973360678985
22,-4.123081610978675,0.3341680138271477,18.957846529228085,7.604923045612555,8.291712338448352,4.739477722184178,2.159671676280483,8.341973361397118
23,-4.1745119719463215,0.33416801415278685,18.957846530072768,7.604923046102631,8.291712338872866,4.739477722342445,2.1596716768646793,8.341973361875125
24,-4.13081077779683,0.3341680147683591,18.957846530265016,7.604923046664429,8.291712339863917,4.739477722794216,2.1596716776865756,8.341973362504696
25,-4.17753062524511,0.33416801565171883,18.95784653050514,7.604923047330829,8.29171234011098,4.739477723009127,2.15967167787836,8.341973363172933
26,-4.129146025606483,0.33416801645952077,18.957846530862845,7.604923047357469,8.291712340527033,4.73947772353347,2.159671678866562,8.34197336334995
27,-4.132094871594614,0.3341680166572144,18.957846531436054,7.604923047677418,8.291712341361062,4.739477723600505,2.159671678953571,8.341973363974153
28,-4.138007455453784,0.33416801750397235,18.95784653193973,7.604923048642562,8.291712342098391,4.739477723868285,2.1596716797459954,8.341973364211558
29,-4.14437082723554,0.3341680181919428,18.957846532314495,7.604923048858487,8.291712342738345,4.739477724704389,2.1596716804556264,8.341973364643277
30,-4.182436164465782,0.3341680185154191,18.9578465327136,7.604923049551704,8.2917123427673,4.739477724779046,2.1596716811817607,8.341973365398331
31,-4.125163128802413,0.3341680189244009,18.95784653363854,7.604923050084507,8.291712342911055,4.73947772557323,2.1596716813715506,8.341973365917383
32,-4.196149808530887,0.3341680196975031,18.957846534296532,7.604923050838079,8.291712342974405,4.7394777262111605,2.159671682306567,8.341973366772189
33,-4.1152520722015,0.33416802022618636,18.957846535124457,7.604923050976898,8.291712343537286,4.73947772697554,2.1596716832274985,8.341973367630457
34,-4.123602910443875,0.3341680206133292,18.957846535521604,7.6049230517082425,8.291712343708534,4.739477727854621,2.1596716837899397,8.34197336849791
35,-4.132241963593577,0.3341680208566833,18.957846535769818,7.604923052545449,8.291712344459947,4.739477728485415,2.1596716839360415,8.341973368794342
36,-4.159046774753085,0.33416802162485243,18.957846536503105,7.6049230534869965,8.291712344862594,4.739477728823426,2.1596716847276016,8.341973369625872
37,-4.101650104352428,0.3341680222726144,18.957846536855303,7.604923053595578,8.291712345343033,4.739477729725825,2.1596716853796436,8.341973369965777
38,-4.131318039325554,0.33416802324705663,18.957846537189102,7.60492305372218,8.291712346072625,4.73947773012581,2.1596716855959963,8.341973370814785
39,-4.123957708405667,0.33416802356687847,18.957846537314413,7.604923054095297,8.291712346235764,4.73947773092448,2.159671686343057,8.341973371368496
40,-4.129143347986584,0.33416802422956,18.957846538237266,7.604923054535193,8.291712347070819,4.7394777313545475,2.15967168701505,8.341973371404887
41,-4.160145706940629,0.3341680244450059,18.95784653892612,7.604923055189999,8.291712347843655,4.739477731692692,2.1596716877236775,8.34197337183963
42,-4.15238988022277,0.3341680246252252,18.957846539081018,7.604923055800683,8.291712347984216,4.739477732229252,2.1596716881106457,8.341973372666969
43,-4.097452631896742,0.3341680246522091,18.957846539576952,7.6049230561900645,8.291712348411703,4.739477733190356,2.1596716882694107,8.34197337305835
44,-4.111491406684722,0.33416802472650065,18.95784653961883,7.604923056806401,8.29171234906181,4.739477733916454,2.1596716891333876,8.341973373887738
45,-4.133414357481532,0.3341680250169904,18.95784653986675,7.604923057278868,8.291712349392043,4.73947773415967,2.159671689293905,8.341973374297048
46,-4.148331764618533,0.3341680258297249,18.95784654031699,7.6049230578929725,8.291712350065648,4.739477734653376,2.1596716902679907,8.341973374399547
47,-4.180762418904851,0.3341680258398324,18.95784654063641,7.604923058892285,8.291712350380978,4.739477734791795,2.1596716906193314,8.341973374734726
48,-4.136325553036932,0.33416802630059317,18.957846541311813,7.604923058932859,8.291712350702204,4.73947773488797,2.1596716909060723,8.341973375175304
49,-4.124092721502668,0.3341680264096153,18.95784654169633,7.604923059868433,8.291712350940214,4.7394777357941384,2.1596716912591543,8.341973375813804
50,-4.099804303476607,0.3341680265807684,18.95784654170275,7.6049230606619584,8.291712351064916,4.739477736003008,2.159671691447931,8.341973376048864
51,-4.117355441312405,0.33416802667116974,18.95784654188587,7.604923061195366,8.291712351158491,4.739477736250285,2.1596716919036316,8.341973376407166
52,-4.144277191617078,0.33416802667663775,18.95784654218182,7.6049230618952794,8.291712351565502,4.739477736674091,2.1596716923574415,8.341973376417593
53,-4.110559033299065,0.3341680268176668,18.957846542361786,7.604923062247929,8.291712352004815,4.739477736726219,2.1596716927948396,8.341973376505784
54,-4.124848773679586,0.33416802688803493,18.957846543007797,7.6049230630477895,8.291712352694809,4.739477737597706,2.1596716932727893,8.341973377071708
55,-4.11567767185951,0.33416802757094,18.957846543970913,7.604923063449084,8.291712353408847,4.73947773777877,2.159671693891095,8.341973377902722
56,-4.107376825425509,0.33416802816956287,18.957846544628204,7.604923064316649,8.291712353421195,4.739477738626129,2.1596716945023564,8.341973378372689
57,-4.138876719891472,0.33416802820421604,18.957846544960002,7.604923065279063,8.291712354327222,4.73947773865484,2.1596716951689214,8.34197337920622
58,-4.114002216128883,0.33416802887182945,18.957846545356357,7.604923065698439,8.291712354482437,4.739477738840654,2.159671695473449,8.341973379896785
59,-4.116188092595153,0.3341680289571387,18.95784654537224,7.604923065970064,8.291712355293217,4.7394777397310905,2.1596716960055438,8.341973380030053
60,-4.147403858616812,0.334168029820741,18.957846546238326,7.604923065992937,8.29171235548235,4.7394777406267075,2.159671696554346,8.341973380197233
61,-4.105439730515245,0.3341680303896752,18.95784654627961,7.604923066835777,8.291712355886375,4.739477740652405,2.1596716971693652,8.341973380216434
62,-4.1293787031631854,0.334168030409093,18.95784654702441,7.604923067427104,8.291712356199945,4.739477741331634,2.15967169734036,8.341973380808826
63,-4.1036007077411485,0.33416803137696544,18.957846547442657,7.6049230677561885,8.291712356811766,4.739477741974762,2.1596716981239057,8.341973381424
64,-4.1209208286270815,0.33416803169576453,18.95784654746372,7.604923068631127,8.291712357493262,4.739477742414583,2.1596716991014215,8.341973381513842
65,-4.11350183766707,0.33416803236880527,18.957846547560028,7.604923069319642,8.291712357961648,4.739477742596634,2.1596716992072995,8.34197338169869
66,-4.127140645273012,0.3341680332505027,18.95784654791221,7.604923069405982,8.29171235892769,4.739477743170021,2.1596716997767205,8.341973381717331
67,-4.150571066767488,0.33416803341349405,18.957846548004635,7.604923069983874,8.291712359876488,4.7394777436240485,2.159671700762882,8.341973382415807
68,-4.143810112047432,0.33416803376806314,18.957846548194787,7.604923070018854,8.291712360736696,4.739477743735477,2.1596717009406525,8.341973382624447
69,-4.143814419686756,0.33416803470912815,18.957846548471668,7.604923070043264,8.291712361357323,4.739477744708721,2.1596717011359656,8.341973383448375
70,-4.117520625432609,0.3341680347374554,18.95784654907522,7.604923070270356,8.291712361921837,4.739477745516778,2.1596717011861943,8.341973383855688
71,-4.148222390355997,0.3341680355094218,18.957846549185376,7.604923070276736,8.291712362543102,4.739477746383022,2.159671701582539,8.341973384144602
72,-4.174257002176408,0.33416803629600955,18.95784654943141,7.6049230710583,8.291712362769228,4.73947774699186,2.159671702143264,8.341973384296791
73,-4.154627061326135,0.3341680365451681,18.957846549591476,7.604923071817026,8.291712363724693,4.739477747106849,2.15967170218081,8.341973384393691
74,-4.116772478427064,0.33416803694381225,18.95784655040503,7.604923072800791,8.291712363751573,4.739477747529791,2.1596717023505327,8.341973385030697
75,-4.16137060342892,0.33416803700923187,18.957846550445286,7.60492307283222,8.291712363917467,4.739477748163425,2.159671702598925,8.341973385613935
76,-4.086197068569865,0.33416803746636375,18.95784655071068,7.6049230737136595,8.291712364441404,4.7394777485453625,2.1596717029831782,8.34197338571673
77,-4.1528566681038015,0.33416803769666736,18.957846550979397,7.60492307380036,8.291712365400187,4.7394777489036155,2.1596717035268984,8.341973386615244
78,-4.137170774501424,0.33416803770914916,18.95784655165161,7.604923073965143,8.291712365603866,4.739477749628842,2.159671703915857,8.341973386660396
79,-4.096226094237744,0.33416803784341725,18.957846552006355,7.604923074852975,8.291712366451115,4.739477750230856,2.159671704191465,8.341973386804655
80,-4.12714807060636,0.33416803794256084,18.9578465526756,7.604923075627875,8.291712367441773,4.739477750703756,2.1596717044982046,8.341973386998989
81,-4.106774486387087,0.33416803850448823,18.957846552820484,7.604923076281019,8.29171236770993,4.739477750815902,2.159671704941419,8.34197338703012
82,-4.172807058552319,0.3341680385214922,18.957846553116564,7.604923077242165,8.29171236846237,4.7394777514273585,2.1596717054327095,8.341973387139902
83,-4.114617369519821,0.3341680387487909,18.957846554080554,7.604923077624912,8.291712368855734,4.739477752206156,2.1596717057074084,8.3419733872307
84,-4.117924695024267,0.3341680390872121,18.95784655463464,7.60492307774387,8.291712369742186,4.739477752472256,2.1596717057967507,8.341973388130464
85,-4.091338347959429,0.334168039213406,18.957846555326874,7.604923078019459,8.291712370661381,4.739477753315739,2.159671705987237,8.341973388987698
86,-4.127722725533257,0.33416803988195065,18.95784655534384,7.604923078139036,8.291712371200815,4.73947775361649,2.1596717060260944,8.341973389036388
87,-4.09056592165665,0.3341680401821261,18.957846555906684,7.604923079045943,8.29171237154859,4.739477754039212,2.1596717068947298,8.341973389166453
88,-4.114994496771981,0.33416804117149157,18.957846556484714,7.604923079145327,8.291712372178065,4.739477754396519,2.159671707092945,8.341973390002158
89,-4.172787120386124,0.3341680412357105,18.957846556565627,7.6049230799931244,8.291712372248771,4.739477754620517,2.1596717076925267,8.34197339042048
90,-4.15484521034886,0.33416804214042517,18.957846556826976,7.604923080973342,8.29171237228646,4.739477754711409,2.1596717081275787,8.341973390471464
91,-4.129336230407869,0.3341680421878438,18.9578465569327,7.604923081777939,8.291712372329329,4.739477755509672,2.1596717088026254,8.341973390650407
92,-4.12915390196542,0.33416804242607073,18.95784655779405,7.604923081784832,8.291712373300394,4.739477755763175,2.1596717089567834,8.341973391376197
93,-4.090015241171268,0.3341680430375767,18.957846558298723,7.604923082575784,8.291712373450116,4.739477756657416,2.1596717090698645,8.341973391455465
94,-4.1017192259706405,0.33416804304350906,18.957846558801116,7.604923083086018,8.291712374439243,4.739477756909675,2.159671709187629,8.341973391960439
95,-4.124540972794317,0.3341680436862617,18.957846559721965,7.60492308388429,8.291712374540243,4.739477757036331,2.159671710095191,8.341973392610752
96,-4.156300987589675,0.3341680438507626,18.957846559810726,7.604923084112156,8.29171237480997,4.739477757735635,2.15967171033812,8.341973392701359
97,-4.129729031745073,0.3341680441592386,18.957846560214325,7.604923084512679,8.291712375354784,4.739477758517638,2.1596717111399193,8.341973393544322
98,-4.14768330463,0.3341680442563045,18.95784656110438,7.6049230851024,8.291712375711588,4.739477759087841,2.159671711448107,8.341973393854733
99,-4.080427278828973,0.33416804431774155,18.957846562034913,7.6049230854933025,8.291712376139301,4.739477759385432,2.1596717115288295,8.341973394319895
100,-4.1251999711531635,0.33416804442722003,18.95784656260529,7.60492308631284,8.291712376180746,4.73947776031049,2.1596717121213476,8.341973395225308
101,-4.123458780031805,0.3341680447648125,18.95784656287133,7.60492308664582,8.291712376406117,4.739477760537586,2.159671712615255,8.341973395900538
102,-4.160346551347196,0.3341680455921958,18.957846562932392,7.604923086855436,8.291712376677447,4.739477761103391,2.159671712971083,8.341973396177202
103,-4.159429641934244,0.33416804569109093,18.957846563732435,7.604923087529966,8.291712377168711,4.7394777617257695,2.1596717132870884,8.341973396907486
104,-4.142405588382462,0.3341680466397231,18.957846564059125,7.604923087581116,8.291712377308132,4.739477762573134,2.159671714252496,8.341973397274817
105,-4.141038973908158,0.33416804731625016,18.957846564067616,7.60492308775688,8.291712377473061,4.739477763520997,2.159671714627901,8.34197339747468
106,-4.131077185375138,0.3341680482391171,18.957846564436373,7.6049230881247185,8.291712377627055,4.7394777642839525,2.15967171554903,8.341973398155599
107,-4.13660249072289,0.33416804917592663,18.957846564514238,7.604923088583686,8.291712378327926,4.7394777646529045,2.159671715594446,8.341973398986108
108,-4.1095796646446665,0.33416805003632094,18.957846565077,7.604923088755567,8.29171237891405,4.739477765265517,2.1596717161540746,8.341973399772462
109,-4.107888414907962,0.3341680502133276,18.957846565084083,7.604923089649212,8.29171237932081,4.739477765785416,2.159671716552042,8.341973400479935
110,-4.117131640597023,0.33416805029611824,18.95784656533193,7.60492309016044,8.291712379728203,4.7394777665210865,2.159671717183731,8.341973400565644
111,-4.1520283328445,0.3341680506575733,18.957846565485283,7.604923090851791,8.291712380723402,4.739477766881674,2.1596717172827398,8.341973400762944
112,-4.152070976375095,0.3341680508409319,18.9578465657923,7.6049230909222505,8.291712380779604,4.739477767401574,2.1596717173554643,8.34197340077052
113,-4.125297751819511,0.3341680518179406,18.957846566751737,7.604923091342577,8.291712381665514,4.739477768142743,2.1596717179104865,8.341973401523044
114,-4.10416456859145,0.33416805210898964,18.957846567298855,7.604923091366475,8.291712382617877,4.739477768331987,2.15967171863863,8.341973401567419
115,-4.138034070029916,0.3341680528530048,18.957846567514917,7.6049230922451985,8.291712382969079,4.739477768414297,2.159671718659377,8.341973401667559
116,-4.11834342918083,0.33416805326114635,18.957846568060553,7.604923092361264,8.29171238335968,4.73947776849002,2.1596717188661168,8.34197340197243
117,-4.128251237848726,0.3341680542457303,18.95784656838546,7.604923092620578,8.291712384231184,4.73947776923476,2.1596717191300243,8.341973402824088
118,-4.133652613298263,0.3341680548255538,18.957846569200107,7.604923093513445,8.29171238491396,4.739477769374176,2.1596717200247153,8.341973403587382
119,-4.139680873514307,0.3341680557559921,18.957846569484285,7.604923093587634,8.291712385670218,4.739477769933502,2.1596717202512594,8.341973403968606
120,-4.151313943055934,0.334168055866404,18.95784657025461,7.604923093897482,8.29171238604874,4.739477770333228,2.1596717205369904,8.341973404472489
121,-4.129226319673999,0.33416805643697645,18.95784657057514,7.604923094290285,8.291712386253426,4.739477770871876,2.1596717205490603,8.341973404998424
122,-4.1147385839888635,0.3341680565390787,18.957846570723778,7.604923094660548,8.29171238637959,4.739477771264477,2.1596717205883764,8.341973405536445
123,-4.150418958309272,0.3341680575308431,18.95784657162757,7.6049230954321345,8.291712386433014,4.7394777718764445,2.159671720845399,8.341973405633816
124,-4.0923902922711015,0.33416805842192326,18.957846571756743,7.6049230962918815,8.291712387154487,4.739477772285108,2.1596717210723795,8.341973406275036
125,-4.129613261969366,0.3341680585752722,18.957846572236107,7.604923097142348,8.291712387435028,4.739477773048719,2.1596717218456707,8.341973406723834
126,-4.132905344596743,0.33416805892674817,18.957846572321767,7.60492309754639,8.291712387465733,4.73947777346982,2.1596717224600206,8.341973407011512
127,-4.145642205224054,0.334168059493928,18.957846572692983,7.6049230980896665,8.291712388282773,4.739477773532687,2.1596717226385738,8.341973407469409
128,-4.135035440634126,0.3341680603823464,18.957846572754836,7.604923098570248,8.291712388660555,4.73947777384984,2.15967172320156,8.341973408173999
129,-4.132130279302671,0.334168060762292,18.957846573469517,7.604923099379788,8.291712388747062,4.739477774286481,2.159671724137833,8.341973408213148
130,-4.144075681191239,0.3341680617156856,18.957846573543144,7.604923100253709,8.291712389052591,4.73947777506669,2.159671724247724,8.341973408347792
131,-4.121990830560287,0.33416806256054005,18.95784657402263,7.604923100819126,8.29171238948742,4.739477775511907,2.1596717247301895,8.341973408891496
132,-4.117653864349771,0.3341680629819681,18.957846574144327,7.604923101593511,8.291712389661607,4.73947777563925,2.1596717256805427,8.34197340947497
133,-4.132837903671417,0.3341680630759504,18.957846574241522,7.604923101868595,8.291712390068165,4.739477775938241,2.1596717257015574,8.341973410344066
134,-4.113394113671912,0.334168063228396,18.957846574602332,7.604923102751071,8.291712390879303,4.739477776194427,2.159671725842067,8.341973411208816
135,-4.1601112421040645,0.3341680642128982,18.957846574963973,7.60492310311496,8.291712391265639,4.739477776504445,2.1596717266150995,8.341973411889482
136,-4.137509722241603,0.33416806433226043,18.95784657563097,7.604923103766505,8.291712391830673,4.739477776772992,2.1596717274438175,8.34197341225159
137,-4.1752590390507915,0.33416806491802264,18.957846576361224,7.604923104300236,8.29171239193865,4.739477776905744,2.159671727843721,8.341973413017234
138,-4.131500444650394,0.33416806529876625,18.95784657724997,7.6049231047178605,8.291712392484762,4.7394777774084345,2.159671728572285,8.341973413862664
139,-4.128606834932756,0.334168065423384,18.95784657744824,7.6049231049355175,8.29171239287512,4.739477778147319,2.1596717294360586,8.341973414007082
140,-4.106158260639515,0.3341680659409112,18.95784657748278,7.6049231052916495,8.291712393616283,4.7394777786718345,2.159671730101321,8.34197341459599
141,-4.1151267125702615,0.33416806666658166,18.957846577702046,7.604923105647565,8.291712394441413,4.739477778825306,2.15967173024908,8.341973414653479
142,-4.10550149687653,0.3341680673588481,18.957846578068224,7.60492310649273,8.291712395102808,4.7394777794566725,2.159671730327765,8.341973415022453
143,-4.122110519108402,0.334168068148554,18.95784657844723,7.6049231069649235,8.291712395692116,4.739477779683126,2.1596717309302242,8.341973415333099
144,-4.125208231440634,0.3341680688588885,18.95784657900147,7.60492310751708,8.291712395716127,4.739477779836589,2.159671731631785,8.341973415918707
145,-4.1338330523949125,0.334168069742717,18.957846579365825,7.6049231078912225,8.291712396545112,4.739477780278691,2.159671732622683,8.341973416316584
146,-4.1553162267763355,0.3341680705391636,18.95784658020048,7.604923108172694,8.291712397182351,4.739477780757362,2.1596717327486243,8.34197341698394
147,-4.1139123517593585,0.33416807134232007,18.95784658044193,7.604923109158232,8.291712397452585,4.73947778108041,2.1596717336000144,8.341973417105825
148,-4.100330750148624,0.3341680721189512,18.957846581391166,7.604923110054618,8.291712397581831,4.739477781391717,2.159671734170696,8.34197341806721
149,-4.123552443880933,0.33416807299025353,18.957846581428512,7.604923110982178,8.291712397989794,4.739477781582201,2.159671734239691,8.341973418984768
150,-4.12763530882985,0.3341680736750716,18.957846581920613,7.604923111977989,8.29171239803756,4.73947778178043,2.159671734696413,8.341973419456853
151,-4.085836378128782,0.33416807441847907,18.957846582052003,7.604923112480364,8.291712398410933,4.739477782755949,2.1596717350451673,8.341973420386974
152,-4.090832829411186,0.33416807505698676,18.957846582821833,7.604923113063035,8.29171239937953,4.739477783712486,2.159671735527106,8.341973421140072
153,-4.1067997857480485,0.33416807588267233,18.95784658320527,7.6049231138602655,8.291712400347867,4.739477784655471,2.1596717355652175,8.341973421378192
154,-4.126482110587369,0.3341680766395006,18.957846583541613,7.604923113947682,8.29171240134209,4.739477784668657,2.1596717363546256,8.341973421516338
155,-4.127285293654321,0.33416807677081184,18.9578465836248,7.604923114350908,8.291712402257472,4.73947778503702,2.159671737119634,8.341973422515256
156,-4.125241503223709,0.33416807721054315,18.957846584242386,7.604923115261502,8.291712403220329,4.739477786018963,2.159671737233234,8.341973423409186
157,-4.137726845987798,0.3341680772461932,18.957846584862097,7.604923116255873,8.291712404167448,4.739477786145086,2.1596717378545787,8.341973424109927
158,-4.111840449050003,0.3341680781450692,18.957846585536718,7.604923117180071,8.291712405142105,4.739477786615633,2.159671738687894,8.341973424936715
159,-4.0975655000477635,0.33416807859873754,18.95784658556112,7.60492311759007,8.291712405734636,4.739477787135442,2.159671739610888,8.341973425681932
160,-4.092881407621099,0.33416807932639186,18.95784658561344,7.604923118413315,8.29171240591528,4.739477787316846,2.159671740135164,8.341973425827222
161,-4.092742804607731,0.33416807971891055,18.957846586282507,7.604923118608554,8.291712406213751,4.739477788174969,2.159671740823751,8.341973426074901
162,-4.13088825462588,0.3341680801898641,18.957846586558368,7.6049231189471165,8.291712406797823,4.739477788288836,2.1596717418030598,8.341973426808396
163,-4.1111524258341205,0.33416808106414914,18.957846586581127,7.604923119545629,8.291712407050031,4.739477788738478,2.1596717426671006,8.341973427344824
164,-4.154475986151022,0.33416808120135866,18.95784658724226,7.604923119605705,8.291712407100366,4.739477788748032,2.159671743032342,8.341973427615208
165,-4.148089662170677,0.33416808205673687,18.957846587966696,7.60492311986997,8.291712407242333,4.739477789613108,2.1596717438420807,8.341973427951384
166,-4.153389993701905,0.3341680821346197,18.95784658839823,7.604923120698839,8.291712407960755,4.7394777897295475,2.159671744645084,8.341973428394715
167,-4.112421763757274,0.33416808223153105,18.957846589039626,7.604923121295403,8.291712407997965,4.739477789802527,2.1596717455088603,8.341973429140317
168,-4.119312120620155,0.3341680823187302,18.957846589700573,7.604923121318854,8.291712408202132,4.7394777899798815,2.159671745625512,8.34197342961026
169,-4.136000611431559,0.3341680830651252,18.957846590005214,7.604923122224717,8.29171240821199,4.739477790875707,2.159671746331435,8.341973429947924
170,-4.104367954089424,0.3341680831458627,18.95784659051446,7.604923122250341,8.291712408572495,4.739477790892392,2.15967174681566,8.341973430371453
171,-4.170030645912415,0.33416808372886436,18.95784659090475,7.60492312314785,8.291712408609689,4.7394777913695485,2.1596717473536886,8.3419734312651
172,-4.116865513350365,0.33416808424140115,18.957846591515978,7.604923124115126,8.291712409344122,4.739477791527381,2.1596717480006813,8.341973432133024
173,-4.160206371540019,0.33416808504090956,18.957846591832382,7.604923124757075,8.291712409949007,4.739477791659864,2.1596717482545498,8.341973432975012
174,-4.141664298504317,0.3341680856872923,18.95784659240217,7.604923125061745,8.29171241045065,4.739477792445844,2.159671748697129,8.341973433926917
175,-4.113358836699243,0.33416808605677845,18.957846593073985,7.6049231257393775,8.291712410678244,4.739477792753991,2.1596717487294272,8.341973434917103
176,-4.121393178424648,0.33416808637490947,18.957846593300903,7.604923126644754,8.291712410888238,4.739477793618902,2.159671749127264,8.341973435753772
177,-4.096603635803895,0.33416808712271767,18.95784659332161,7.604923126806674,8.291712411164134,4.739477793914986,2.1596717498583073,8.341973435944155
178,-4.128182770975894,0.33416808722209573,18.957846594086526,7.604923127299563,8.291712411833611,4.739477794712184,2.1596717507760888,8.341973436288269
179,-4.138457796784557,0.33416808788144403,18.957846594427902,7.60492312781239,8.291712412516278,4.739477794879245,2.1596717515636006,8.341973436713769
180,-4.097044808967289,0.33416808881715193,18.957846594942893,7.604923128410972,8.291712413321992,4.7394777956885354,2.1596717519715316,8.34197343729427
181,-4.12994677541031,0.33416808929464104,18.957846595593786,7.604923128940539,8.291712413830922,4.739477795987818,2.15967175202186,8.341973437587688
182,-4.115996398983517,0.33416808986552143,18.95784659628982,7.604923129414716,8.291712414453468,4.739477796100052,2.159671752543231,8.341973438253774
183,-4.122616565548007,0.3341680900487836,18.957846596808935,7.604923129703946,8.291712415032404,4.739477796957608,2.159671752763115,8.341973439221984
184,-4.125299105494877,0.3341680909442667,18.957846597600586,7.604923130207081,8.291712415864462,4.73947779743884,2.1596717531798717,8.34197343947034
185,-4.169238512077615,0.33416809192394126,18.957846597943103,7.60492313086258,8.291712416749967,4.739477797753786,2.1596717541156947,8.341973439787518
186,-4.133912834474144,0.33416809261618435,18.95784659860973,7.604923131053517,8.29171241680538,4.7394777986789025,2.1596717544863173,8.341973440036732
187,-4.091544469100436,0.33416809272740267,18.957846599452317,7.604923131194552,8.291712416907188,4.739477798741057,2.159671754512349,8.34197344012032
188,-4.141803095334041,0.3341680935723826,18.95784659975279,7.604923132045428,8.291712417034582,4.739477799297289,2.1596717547671993,8.341973440485788
189,-4.145935608348195,0.3341680944411192,18.95784660011232,7.6049231324631075,8.291712417574125,4.739477799694586,2.159671755009372,8.34197344119666
190,-4.17018890801324,0.33416809446369117,18.95784660050985,7.604923133277448,8.291712418393697,4.739477800525632,2.159671755384304,8.3419734421296
191,-4.137596284260246,0.3341680953569137,18.957846600527187,7.60492313416991,8.29171241898103,4.7394778013512,2.159671756360675,8.341973442867321
192,-4.144173070374588,0.33416809579569406,18.95784660082456,7.604923135107758,8.291712419513294,4.7394778016426296,2.1596717565432693,8.341973443472844
193,-4.149624184833199,0.33416809592884034,18.957846601783793,7.604923135476557,8.291712419693694,4.739477801871537,2.1596717565573544,8.341973443637388
194,-4.119838580827998,0.33416809613122156,18.957846602545356,7.604923136152115,8.291712419739882,4.739477802159774,2.1596717567624406,8.341973443826697
195,-4.1139243288174825,0.33416809662939867,18.957846602574353,7.604923136927542,8.291712419787714,4.739477802275004,2.159671757147109,8.341973444560404
196,-4.095396520874003,0.3341680973938302,18.95784660287364,7.604923137865138,8.291712419874667,4.739477803108545,2.159671757386716,8.341973445434867
197,-4.136527879807456,0.3341680982117001,18.957846603071946,7.604923138412179,8.291712420746483,4.739477803255655,2.159671757940373,8.341973445574824
198,-4.152503375068502,0.33416809859723545,18.957846603619675,7.604923139177923,8.291712421661547,4.739477804201745,2.1596717588926597,8.341973445967154
199,-4.107051290432071,0.3341680995124261,18.95784660405503,7.604923139468466,8.291712422272484,4.739477805077087,2.1596717597658293,8.341973446944644
200,-4.147558832744398,0.3341680997844607,18.95784660486803,7.6049231402868624,8.291712422360629,4.7394778059815685,2.159671760070109,8.341973447176583
201,-4.122792121041581,0.3341681006850531,18.9578466057389,7.604923140341743,8.291712422556133,4.739477806750627,2.1596717603216256,8.341973447639194
202,-4.150571721666399,0.33416810162157784,18.95784660634721,7.604923140583862,8.291712423548795,4.739477807418175,2.1596717605358866,8.341973447744566
203,-4.1596045143297165,0.33416810240381895,18.957846607092048,7.60492314086805,8.291712424210784,4.739477807843684,2.1596717608762157,8.341973448349169
204,-4.1130852121170465,0.3341681033469841,18.95784660717802,7.6049231410987135,8.291712424996197,4.7394778081330395,2.1596717611818796,8.341973448747908
205,-4.111186394870016,0.3341681042161846,18.957846607702493,7.604923142043313,8.29171242587462,4.739477808906697,2.159671761557567,8.341973449082987
206,-4.158125348542312,0.3341681047807882,18.957846607903157,7.60492314267135,8.291712426192857,4.739477809161859,2.159671762312447,8.341973449376994
207,-4.094802750174326,0.33416810569235084,18.957846608210282,7.604923143603306,8.291712426286638,4.739477809506551,2.159671762775008,8.341973449718965
208,-4.129173503459522,0.3341681064217361,18.95784660859842,7.604923144573324,8.291712426477368,4.739477809642374,2.1596717637492095,8.34197345003115
209,-4.076878969832826,0.3341681068584761,18.957846609123916,7.604923145338203,8.291712427136167,4.73947780969563,2.1596717645380057,8.341973450420973
210,-4.110290587327164,0.33416810737880936,18.957846609310813,7.604923146170346,8.291712427808909,4.739477810320347,2.1596717653722477,8.341973451053759
211,-4.116951102660858,0.33416810760195,18.95784661012496,7.604923146779906,8.291712428369042,4.739477811243114,2.159671765653306,8.34197345203482
212,-4.143810506932591,0.3341681084978805,18.957846610242225,7.604923147377152,8.291712428686989,4.7394778114332246,2.1596717666155647,8.341973452061767
213,-4.133758526235261,0.3341681092134782,18.957846610916,7.604923148219417,8.291712428850557,4.739477812235937,2.159671766711819,8.34197345224554
214,-4.156836425412884,0.3341681094809667,18.957846611435816,7.604923148588999,8.291712429489724,4.739477813130977,2.1596717670924805,8.34197345292866
215,-4.143279090648649,0.3341681095092569,18.957846611983594,7.604923149414216,8.29171242996623,4.739477813671289,2.1596717678974873,8.34197345362445
216,-4.133023949372446,0.334168110065137,18.95784661248555,7.604923150347841,8.291712430116904,4.739477814445147,2.1596717679781974,8.341973453943076
217,-4.140686649990114,0.3341681107597599,18.957846612632935,7.604923150374908,8.291712430443242,4.739477815346601,2.159671768569972,8.341973454071626
218,-4.120693194023044,0.3341681112270579,18.95784661327464,7.604923151320547,8.291712430865859,4.739477816289056,2.1596717693851097,8.341973454983805
219,-4.169593200406326,0.33416811191827667,18.95784661395838,7.604923151396157,8.291712431438478,4.739477816358906,2.1596717700977863,8.341973455418534
220,-4.1237704077281485,0.3341681125130874,18.957846614170784,7.604923151549173,8.291712431913659,4.739477816859762,2.1596717704665482,8.34197345627753
221,-4.159065884972145,0.3341681126336451,18.957846614910167,7.604923151818365,8.29171243212842,4.73947781770379,2.1596717706815434,8.3419734568034
222,-4.085416341967588,0.3341681128016389,18.95784661555979,7.6049231523302065,8.29171243277637,4.73947781867668,2.1596717715823006,8.341973457647523
223,-4.133158491934795,0.3341681136379423,18.957846615754242,7.604923153195907,8.29171243305713,4.739477819603815,2.1596717722868872,8.34197345787156
224,-4.090587619702437,0.3341681142716783,18.95784661664859,7.604923153236013,8.291712433804724,4.739477820068387,2.1596717730903925,8.341973458474985
225,-4.1121246695870814,0.33416811495660037,18.957846617549652,7.604923153630027,8.29171243385664,4.739477820185769,2.1596717731134154,8.341973459102672
226,-4.087536272634674,0.33416811585306544,18.95784661853064,7.604923154036003,8.29171243470826,4.739477820298213,2.159671774061312,8.341973459241656
227,-4.114243823727451,0.3341681167960955,18.957846619142217,7.604923154179894,8.291712435116112,4.739477820396418,2.1596717748364274,8.3419734601589
228,-4.1253029822294955,0.3341681172897041,18.957846619785432,7.604923154728519,8.291712435501454,4.739477820807751,2.1596717749349326,8.34197346017091
229,-4.16230641531364,0.3341681177560195,18.957846619794097,7.604923155093656,8.291712436135036,4.739477821172236,2.1596717754396364,8.341973460932572
230,-4.14288382303042,0.3341681182787463,18.957846620320534,7.604923155165623,8.291712436287858,4.739477821646385,2.1596717755533823,8.34197346169369
231,-4.1360005543376674,0.3341681183104159,18.95784662059384,7.604923155252616,8.291712437262415,4.7394778217484,2.159671776545475,8.341973461713618
232,-4.110490698055894,0.33416811843491717,18.957846620844062,7.6049231560448245,8.291712437497297,4.739477822227273,2.1596717768628064,8.341973462399748
233,-4.1566122864991195,0.33416811855713496,18.957846621646688,7.6049231560793045,8.291712437527153,4.739477822527496,2.1596717773181657,8.3419734633296
234,-4.148239529977196,0.3341681189968525,18.957846622421176,7.604923156269785,8.291712437997727,4.739477822633315,2.1596717778689376,8.34197346363915
235,-4.1533626767803575,0.3341681191765994,18.95784662330545,7.604923157204795,8.291712438146707,4.739477822705532,2.159671778396628,8.341973463734758
236,-4.143657006492913,0.33416811977954375,18.957846624199377,7.60492315806526,8.29171243891303,4.739477823422979,2.159671778418361,8.341973464370358
237,-4.19799833783995,0.33416812071349866,18.957846625082038,7.6049231589398145,8.291712439833223,4.739477824402502,2.1596717792203792,8.341973464897555
238,-4.155399420377303,0.3341681214133281,18.957846625474765,7.60492315923688,8.291712439991352,4.739477825187651,2.159671779378713,8.341973465028628
239,-4.178251646019697,0.33416812235845716,18.957846625702693,7.6049231597051445,8.291712440005384,4.739477825636304,2.15967178011832,8.341973465664035
240,-4.138269709909009,0.33416812296161724,18.957846626586107,7.604923160187966,8.291712440726695,4.739477826113959,2.1596717802361898,8.34197346650969
241,-4.098958408755676,0.33416812371317056,18.95784662724947,7.604923160310297,8.291712441442773,4.739477827010443,2.1596717805851156,8.34197346692377
242,-4.149639719920576,0.3341681242859659,18.95784662757478,7.604923161047395,8.29171244182258,4.739477827984889,2.1596717806435626,8.341973467274254
243,-4.117758304598047,0.33416812448652056,18.95784662793058,7.604923161692495,8.291712442247887,4.739477828247232,2.1596717811104154,8.341973467536997
244,-4.115468490924837,0.3341681251999679,18.957846628863965,7.6049231618787365,8.291712442526277,4.739477828880549,2.1596717817712983,8.341973467953158
245,-4.115710410083965,0.3341681258992869,18.957846628997604,7.6049231624406435,8.29171244302609,4.739477829087961,2.1596717821762708,8.341973467985609
246,-4.138157018223204,0.3341681267717195,18.957846629163047,7.60492316297643,8.29171244359826,4.739477829997715,2.159671782610922,8.341973468384964
247,-4.126500748358754,0.3341681270413773,18.957846629792773,7.604923163378586,8.291712444227175,4.739477830043853,2.159671783488884,8.341973468509732
248,-4.138168780705193,0.33416812783667854,18.957846630340693,7.604923164136155,8.291712444235444,4.739477831026772,2.159671783840593,8.341973468630021
249,-4.152403513505426,0.3341681279013835,18.957846630479047,7.604923164762329,8.291712444387613,4.739477831985287,2.159671784414399,8.341973469422065
250,-4.122783174338293,0.3341681282035152,18.957846631105525,7.604923165478776,8.29171244485514,4.739477832889959,2.159671784849153,8.341973470254132
251,-4.106606190214192,0.33416812871482826,18.95784663142193,7.604923166140029,8.291712445442412,4.739477833026854,2.159671785507368,8.341973470894345
252,-4.115437843456085,0.33416812887892045,18.95784663156336,7.604923166246727,8.291712446049665,4.739477833083094,2.1596717855986354,8.341973471096777
253,-4.120812322377992,0.3341681294076365,18.957846632370703,7.604923166874383,8.291712447046876,4.739477833151219,2.159671785677863,8.341973472015606
254,-4.144339337573088,0.33416812989695366,18.957846632635437,7.604923166901456,8.291712447276158,4.739477833456086,2.159671786265862,8.341973472985426
255,-4.097411856664362,0.3341681304534777,18.957846633618846,7.604923167612246,8.2917124476638,4.739477833563662,2.1596717864319626,8.341973472999387
256,-4.118793635895843,0.33416813085944075,18.957846634295194,7.604923168557521,8.291712448233971,4.739477833716433,2.1596717868970767,8.341973473196232
257,-4.111589140836269,0.33416813090501885,18.95784663433984,7.604923169029936,8.29171244899131,4.739477834264691,2.1596717870512805,8.34197347386183
258,-4.0852729589541745,0.33416813135520573,18.957846634499255,7.604923169900393,8.291712449198894,4.739477834925402,2.1596717877636924,8.341973474416008
259,-4.150310075796359,0.33416813208611507,18.957846635171407,7.6049231699133735,8.291712449406209,4.739477835644246,2.1596717877983016,8.341973474573457
260,-4.114722918024676,0.33416813295581094,18.95784663581529,7.6049231700125635,8.291712449602898,4.739477836025984,2.1596717885298755,8.34197347528671
261,-4.103135297103526,0.334168133837064,18.957846636600003,7.60492317034543,8.291712450438915,4.7394778364491374,2.159671789033959,8.341973475865617
262,-4.146263577503427,0.33416813383966376,18.957846636729364,7.6049231703951685,8.291712450574325,4.739477836493082,2.1596717900023323,8.341973476455525
263,-4.1614379310193454,0.3341681341372303,18.957846637325922,7.604923171183112,8.29171245085432,4.739477837179375,2.159671790452557,8.341973476538092
264,-4.124453561861603,0.33416813503335063,18.957846637372644,7.604923171260533,8.291712451708706,4.739477837634148,2.159671791256553,8.341973477238934
265,-4.114245241108748,0.33416813557242164,18.957846637535567,7.60492317222679,8.291712452421722,4.739477838026108,2.1596717922102515,8.341973477458836
266,-4.138558509895149,0.3341681356782296,18.957846638201683,7.604923172916864,8.291712453255236,4.739477838831398,2.159671793162177,8.341973477582156
267,-4.1737123144121835,0.3341681360541351,18.95784663899185,7.604923173648422,8.291712454249774,4.739477839127979,2.1596717941278847,8.341973478497552
268,-4.15073984933231,0.33416813651586,18.957846639105075,7.60492317452514,8.291712454447929,4.739477839771645,2.159671795097511,8.341973479311047
269,-4.1289238391193335,0.3341681372050774,18.957846639363193,7.604923175394585,8.291712455433236,4.739477840070618,2.159671795533019,8.341973479697765
270,-4.1225619321589235,0.33416813815381147,18.95784663954819,7.6049231763788505,8.29171245559563,4.739477840629875,2.1596717958939764,8.341973480545402
271,-4.1336911423528315,0.33416813889139124,18.95784664044669,7.604923176702118,8.29171245649365,4.739477841601782,2.1596717968093464,8.341973481152042
272,-4.151129003551919,0.3341681394903469,18.957846641001762,7.604923176833985,8.291712457245028,4.739477841795369,2.1596717968853145,8.341973481408525
273,-4.124824743469558,0.33416813956046076,18.957846641611187,7.604923177449414,8.291712457812045,4.739477842046562,2.159671797008383,8.341973482242887
274,-4.081324275472797,0.33416813989290406,18.95784664220258,7.604923177912988,8.2917124581728,4.739477842304904,2.159671797254792,8.341973482907438
275,-4.127518307352107,0.3341681406662558,18.95784664262339,7.604923178601889,8.291712458219934,4.7394778423710555,2.159671798244975,8.341973483612907
276,-4.14702759093125,0.33416814150562424,18.957846643550745,7.6049231788272404,8.291712458825959,4.739477842472269,2.1596717985631053,8.341973483927182
277,-4.121569567950649,0.33416814245335036,18.9578466437126,7.604923179762074,8.291712459098516,4.739477842602209,2.1596717987559906,8.341973484553614
278,-4.162597237701694,0.33416814267670925,18.957846644065963,7.604923179819855,8.291712459195294,4.7394778433926605,2.15967179943949,8.34197348459088
279,-4.1614137515559575,0.334168142839265,18.957846644901856,7.604923180566269,8.291712459447488,4.739477843598287,2.159671800392255,8.341973485024026
280,-4.16119915917141,0.33416814317448007,18.95784664549512,7.604923181326894,8.291712459545005,4.739477844452749,2.1596718012748415,8.341973485962761
281,-4.128826634452217,0.3341681438628679,18.957846646009337,7.604923181422453,8.291712459714686,4.739477844860837,2.1596718013332232,8.341973486656567
282,-4.116599916593739,0.3341681441319988,18.957846646858258,7.604923181555605,8.291712459896283,4.73947784526957,2.1596718021222463,8.341973487503493
283,-4.093335885634528,0.33416814495977826,18.95784664705431,7.6049231825214365,8.291712460532748,4.7394778456517965,2.1596718029472224,8.3419734884003
284,-4.12703469468031,0.3341681450209852,18.95784664773426,7.604923183095925,8.291712460609723,4.739477845783889,2.1596718038803346,8.341973489016889
285,-4.135881601934997,0.3341681454033903,18.957846648531557,7.604923184015235,8.291712460686082,4.739477846195985,2.159671804412014,8.34197348908749
286,-4.132974862904198,0.33416814569094044,18.957846648701388,7.604923184893833,8.291712460735742,4.739477846358338,2.1596718050833434,8.341973489382113
287,-4.144967384176317,0.3341681458585986,18.957846648764765,7.60492318507965,8.291712461023163,4.739477846435596,2.1596718060025593,8.341973489443664
288,-4.129282253921565,0.3341681467207828,18.957846649708074,7.604923185448515,8.291712461743247,4.739477847335938,2.1596718063489813,8.341973489716308
289,-4.13892713516276,0.33416814715134935,18.95784664982146,7.6049231861515505,8.29171246183077,4.739477847896144,2.1596718067161893,8.341973490544952
290,-4.110720075838884,0.3341681472440857,18.95784664987955,7.604923186927798,8.291712462460398,4.739477848779783,2.1596718070287886,8.341973491043058
291,-4.170589926142956,0.3341681473764271,18.957846650003535,7.604923187721422,8.29171246330426,4.739477849762588,2.1596718072942807,8.341973491490494
292,-4.173155020422391,0.33416814817910107,18.957846650490914,7.604923188188981,8.291712463969404,4.73947785004043,2.159671808207835,8.341973492243344
293,-4.145813063784304,0.3341681490530648,18.957846650665147,7.604923188587489,8.2917124649446,4.739477850722505,2.1596718083372677,8.341973492268686
294,-4.154536147001689,0.3341681496782205,18.957846651604076,7.604923189183113,8.291712465854083,4.739477850868595,2.159671808887201,8.341973493153203
295,-4.116488977675948,0.3341681502960755,18.95784665195089,7.604923189565737,8.291712466287942,4.739477851265709,2.15967180934156,8.341973493862621
296,-4.144167951542302,0.33416815099042774,18.957846652117578,7.604923190258251,8.291712467113916,4.739477851754594,2.159671809670264,8.341973493876354
297,-4.135849817378407,0.3341681510615397,18.95784665266152,7.604923190381248,8.291712467538565,4.739477852212034,2.1596718103886055,8.341973494618733
298,-4.114083313310026,0.33416815109176357,18.957846652781562,7.604923190595,8.291712467556966,4.73947785251256,2.159671810669043,8.34197349547734
299,-4.139960536877235,0.3341681512560425,18.95784665301111,7.604923191229391,8.291712468192543,4.739477852634912,2.159671811081785,8.341973496391326
300,-4.147283097264688,0.334168152001698,18.957846653751314,7.60492319195166,8.291712468792156,4.739477853063276,2.159671811208916,8.341973496911825
301,-4.157147864467202,0.3341681525057878,18.95784665382504,7.604923192681208,8.2917124690774,4.739477853790329,2.1596718116234155,8.3419734976787
302,-4.108509143624451,0.3341681534792874,18.95784665480249,7.604923192898656,8.291712469179977,4.739477854665707,2.159671811902419,8.34197349821443
303,-4.102234391726434,0.3341681540649897,18.957846654811675,7.604923193357637,8.29171247012893,4.739477855399547,2.159671812689611,8.341973499190528
304,-4.169082233465806,0.33416815491363755,18.957846655767312,7.60492319338873,8.291712471128271,4.739477855502756,2.1596718130590724,8.341973499614639
305,-4.128312048894467,0.33416815494995933,18.957846656713883,7.604923193567756,8.291712471693671,4.7394778558551085,2.1596718139881,8.341973500244183
306,-4.144588691733956,0.3341681559023897,18.957846657654912,7.604923194333733,8.291712471737382,4.739477856088698,2.1596718149671883,8.341973500717483
307,-4.14812653655714,0.33416815657289534,18.95784665816324,7.604923195028173,8.291712471792113,4.739477856185386,2.1596718159039123,8.341973500949363
308,-4.117175017098842,0.33416815708746606,18.957846658371775,7.604923195089781,8.29171247247462,4.739477856615982,2.1596718160422625,8.341973501926162
309,-4.0722885630666035,0.33416815782033255,18.957846658600253,7.604923195700964,8.29171247252835,4.739477857429053,2.1596718160519646,8.341973502072465
310,-4.1199343611369565,0.3341681581793388,18.957846659494137,7.604923196468679,8.291712473242754,4.739477857562008,2.1596718169941953,8.341973502114735
311,-4.094102523025824,0.33416815845540476,18.95784666022632,7.604923197154996,8.291712474032693,4.7394778585031325,2.1596718170392193,8.341973502741084
312,-4.147321499064091,0.33416815851409004,18.95784666035056,7.604923197413797,8.291712474323111,4.739477859016113,2.159671817651479,8.341973503161599
313,-4.105948629644432,0.33416815876260136,18.957846660729025,7.6049231977236325,8.291712475001226,4.73947785927933,2.1596718180818546,8.34197350406981
314,-4.1355001537381755,0.3341681589492662,18.95784666113636,7.604923198490229,8.291712475957498,4.739477860057919,2.1596718182372214,8.34197350448417
315,-4.173581858948889,0.3341681593667431,18.957846661157863,7.604923199262434,8.29171247611128,4.7394778603553265,2.159671818273891,8.34197350450113
316,-4.118186558302343,0.3341681601086638,18.957846662038364,7.604923199678272,8.291712476787543,4.739477860938682,2.1596718186418795,8.341973505436954
317,-4.138276797123204,0.33416816081793715,18.95784666215277,7.604923200101096,8.291712477647126,4.739477861806895,2.1596718189228334,8.341973506070046
318,-4.112385784846666,0.3341681617690347,18.957846662321778,7.604923200429059,8.291712478183003,4.739477862333744,2.159671819092837,8.341973507023777
319,-4.148442992321837,0.3341681625470602,18.95784666304085,7.6049232012802515,8.291712478569654,4.73947786293898,2.1596718199114986,8.341973507240965
320,-4.1488771407591365,0.3341681632552997,18.9578466632239,7.604923202041193,8.291712479081742,4.739477863897638,2.159671820244252,8.341973507521757
321,-4.145337156665281,0.3341681641528621,18.95784666325713,7.604923202779073,8.291712479942635,4.739477864450586,2.1596718210184638,8.341973507727891
322,-4.0689088704189365,0.334168164377193,18.957846664034406,7.604923203461783,8.291712480660827,4.739477864520286,2.159671821683406,8.341973507930813
323,-4.139783182708402,0.3341681649532756,18.95784666422719,7.604923204304759,8.291712481384716,4.739477864601873,2.159671822668139,8.341973508763495
324,-4.094698333755269,0.3341681653778235,18.957846664994612,7.604923205003458,8.291712481612208,4.739477865158664,2.1596718227228413,8.341973509597045
325,-4.1134254821007,0.33416816574155184,18.95784666578255,7.604923205097396,8.29171248214663,4.739477865600534,2.1596718236789827,8.341973509784701
326,-4.173295327926333,0.33416816606587774,18.95784666578917,7.604923205430535,8.291712482801106,4.739477865619385,2.159671824105057,8.341973509993625
327,-4.141000307077524,0.3341681663635008,18.957846666216682,7.6049232060806915,8.291712483716472,4.7394778664154655,2.159671824418773,8.341973510731775
328,-4.144896328022901,0.3341681673004716,18.957846666440233,7.6049232063654175,8.29171248416002,4.73947786732227,2.159671824957085,8.34197351082792
329,-4.154238214736701,0.3341681675412478,18.957846666536106,7.604923207055002,8.291712484578651,4.739477867650413,2.159671825104568,8.3419735117777
330,-4.140614423138062,0.334168167702953,18.95784666685593,7.604923207118909,8.291712485408581,4.739477867894715,2.1596718257602445,8.341973511885142
331,-4.155681953142755,0.33416816829226226,18.957846667800318,7.604923207940336,8.29171248595958,4.739477868733659,2.1596718266981485,8.341973512126284
332,-4.1565218358359495,0.3341681684488091,18.957846667994648,7.604923208398913,8.291712486333333,4.739477869586367,2.159671827477179,8.341973512858038
333,-4.122077172621771,0.3341681690117047,18.957846668953508,7.604923209157768,8.291712486696158,4.739477870151085,2.159671827800253,8.341973513735288
334,-4.153949127367326,0.3341681697842629,18.957846669648823,7.604923209210056,8.29171248683032,4.739477870221366,2.1596718284417635,8.341973514134
335,-4.1576499702754415,0.3341681706174625,18.957846670243235,7.604923210033661,8.291712486960211,4.739477870910356,2.1596718286955436,8.341973514534304
336,-4.157001701746727,0.33416817118381975,18.957846671221247,7.604923210378858,8.29171248751675,4.739477871686602,2.1596718291639965,8.341973515339248
337,-4.1073808655010735,0.3341681718399407,18.957846671598247,7.60492321088862,8.291712487782654,4.739477872106583,2.1596718300644224,8.341973516028755
338,-4.144554157326556,0.33416817197605786,18.957846671941383,7.604923211809697,8.291712487875538,4.739477872620763,2.159671830235817,8.34197351677503
339,-4.16456137609569,0.33416817254579684,18.957846671999828,7.604923212510506,8.291712488639527,4.739477873388842,2.159671830708908,8.341973517023865
340,-4.128970779144971,0.33416817349975947,18.957846672738334,7.604923213126357,8.291712489196419,4.739477874029637,2.1596718314458054,8.341973517143003
341,-4.123743100676887,0.33416817395755316,18.957846673708897,7.604923213781378,8.291712489864233,4.7394778748819055,2.1596718318377675,8.341973517908688
342,-4.147203467250325,0.334168174836882,18.95784667414474,7.6049232146550025,8.291712490398346,4.739477875617825,2.159671832357651,8.341973518354923
343,-4.129382651214677,0.3341681751957785,18.957846674509184,7.604923214939454,8.2917124904231,4.73947787633302,2.1596718333088702,8.341973519055554
344,-4.127894649208451,0.3341681760815953,18.957846675186243,7.604923215186984,8.291712490510132,4.739477876816665,2.1596718338882632,8.341973520018351
345,-4.1403069574557865,0.33416817674831456,18.95784667611617,7.604923216168403,8.291712490798416,4.739477877026649,2.1596718339924585,8.341973520102854
346,-4.1563981907698455,0.3341681769304358,18.95784667617868,7.604923216690342,8.291712491756142,4.739477877961322,2.1596718341027876,8.341973520419437
347,-4.1405873376320095,0.3341681776273727,18.95784667674663,7.604923217512616,8.291712492454483,4.73947787871216,2.159671834999398,8.341973520590663
348,-4.108947778267055,0.334168178136828,18.957846677439154,7.604923217740363,8.291712492976535,4.739477879632993,2.159671835906624,8.341973521578081
349,-4.113120665708088,0.33416817834529605,18.957846678192666,7.604923217827572,8.291712493046957,4.739477879823294,2.159671835962653,8.34197352239022
350,-4.126221920377114,0.33416817881586525,18.957846678479964,7.604923218671564,8.291712493583399,4.739477880587791,2.1596718367644563,8.341973523334023
351,-4.1643339276249804,0.33416817907880936,18.957846679339937,7.604923218815039,8.29171249390238,4.739477881036956,2.159671837371259,8.341973524008969
352,-4.1384336528742995,0.33416817933480186,18.957846680154734,7.604923219395979,8.291712493990714,4.739477881552215,2.159671837485407,8.341973524798012
353,-4.154097807520337,0.3341681794328004,18.95784668112697,7.604923219983943,8.291712494414114,4.739477881918162,2.1596718383056466,8.341973525525445
354,-4.133472537552398,0.3341681796313142,18.957846681704904,7.604923220669642,8.29171249469992,4.739477882401406,2.159671839133347,8.341973526286653
355,-4.113629084199342,0.334168179759608,18.957846681831207,7.604923221321927,8.29171249536426,4.739477883364504,2.1596718394306085,8.341973526443853
356,-4.169397161040049,0.33416818013157273,18.95784668269622,7.604923222201259,8.291712496332574,4.739477884291909,2.159671840169786,8.34197352729397
357,-4.158216532592469,0.33416818088470973,18.957846683013944,7.604923222535572,8.291712496686172,4.739477885208266,2.159671840528332,8.341973527472108
358,-4.126949729465336,0.33416818182586105,18.957846683570704,7.604923222559913,8.291712496717645,4.7394778857020565,2.159671841457464,8.341973527543695
359,-4.121194712958761,0.33416818282288424,18.95784668367956,7.604923223522787,8.291712496832895,4.7394778864271085,2.1596718415464333,8.341973528425644
360,-4.110011443631862,0.3341681828669746,18.95784668388514,7.604923223617362,8.291712497191417,4.739477886471213,2.1596718416699816,8.341973529010863
361,-4.127548190464011,0.33416818342582744,18.957846684536268,7.604923224577811,8.291712497625696,4.739477886672391,2.15967184258452,8.341973529521955
362,-4.14629378430267,0.3341681844051758,18.95784668525449,7.6049232249822145,8.29171249800224,4.7394778873873635,2.159671843126066,8.341973530324605
363,-4.107485593366175,0.3341681847517148,18.957846685724935,7.604923225736144,8.291712498671984,4.739477888197681,2.1596718440473124,8.34197353097492
364,-4.12267424816521,0.3341681853449228,18.957846685943377,7.604923226422805,8.291712499241699,4.739477888626355,2.159671844674512,8.341973531081516
365,-4.114714451967167,0.3341681856242692,18.957846686505572,7.604923227033208,8.291712500136107,4.739477888737329,2.159671845269289,8.341973531207106
366,-4.174044880703926,0.3341681861214841,18.957846686575685,7.604923227214781,8.291712500478084,4.739477889034356,2.1596718454151818,8.341973531764255
367,-4.108204764916776,0.33416818698285083,18.95784668737427,7.604923228098682,8.291712500965989,4.739477889837606,2.1596718459386484,8.341973532306724
368,-4.104377746056623,0.3341681873622032,18.957846687539288,7.604923229053729,8.291712501621786,4.73947789015267,2.1596718468396796,8.341973532695553
369,-4.149436512501001,0.33416818770996043,18.95784668827682,7.604923229486645,8.291712502302163,4.739477890274091,2.1596718473026186,8.34197353364978
370,-4.136645099649046,0.3341681881294797,18.957846688405372,7.604923230354134,8.291712503020822,4.739477890905543,2.1596718479460595,8.341973534355539
371,-4.139628925754634,0.33416818854280733,18.957846689352234,7.6049232307428465,8.291712503612713,4.7394778914138875,2.159671848032358,8.341973534604273
372,-4.1476724489503525,0.33416818940178383,18.957846689656076,7.604923231393651,8.291712504392809,4.73947789214779,2.1596718481557238,8.341973535035507
373,-4.186262259713859,0.33416819037740675,18.957846689769703,7.6049232320857465,8.291712504759975,4.739477892990448,2.159671848235578,8.34197353558348
374,-4.11574320980063,0.3341681906677115,18.957846690267246,7.604923232621154,8.291712505050038,4.739477893830073,2.1596718490911067,8.341973536224318
375,-4.127837067426238,0.3341681915215022,18.95784669070454,7.604923233336475,8.29171250587266,4.73947789435228,2.15967184981798,8.341973536926803
376,-4.122559292239464,0.3341681922837423,18.957846691311836,7.604923233857983,8.291712506303767,4.739477894716727,2.159671850246954,8.34197353786143
377,-4.117308553535839,0.33416819263607317,18.957846691765074,7.604923234308169,8.29171250650209,4.739477894870161,2.1596718502889147,8.341973538764808
378,-4.084825248600952,0.3341681933738882,18.957846692472536,7.604923234323989,8.291712507069054,4.739477895566586,2.15967185069519,8.34197353933059
379,-4.166268736250308,0.334168193921142,18.957846693365468,7.6049232345984334,8.291712507737765,4.739477895650322,2.1596718511267694,8.341973540194035
380,-4.137322066326034,0.3341681948045322,18.957846694067122,7.604923234879954,8.291712507958026,4.739477896483965,2.159671851486953,8.34197354058912
381,-4.105048654822582,0.33416819488181726,18.95784669444973,7.604923235196323,8.291712508896548,4.739477897433017,2.159671852260975,8.341973540869322
382,-4.143216232872229,0.3341681950824186,18.95784669518117,7.604923235481617,8.291712508993406,4.739477897822463,2.159671852549042,8.341973541033418
383,-4.091860349353594,0.3341681960492785,18.957846695907662,7.604923236121696,8.291712509656936,4.739477898095368,2.159671852909478,8.341973541245354
384,-4.103920447163009,0.33416819694253624,18.95784669601387,7.604923237110907,8.29171250987443,4.739477898150298,2.1596718536815733,8.341973541578101
385,-4.124104312950998,0.3341681971970064,18.957846696225623,7.604923237445233,8.291712510594563,4.739477899131598,2.159671853802272,8.341973541908548
386,-4.12854254364474,0.33416819775176165,18.957846696464,7.604923237780469,8.291712510969449,4.739477899406716,2.159671854013089,8.341973542167867
387,-4.142235184377473,0.3341681985346117,18.95784669665028,7.604923238529817,8.29171251189917,4.739477900252655,2.1596718549435536,8.341973543078751
388,-4.124404043720056,0.3341681994355755,18.957846696774453,7.604923239462391,8.29171251201552,4.73947790044612,2.1596718557760854,8.341973543229118
389,-4.143681678844093,0.33416819954985805,18.95784669682153,7.604923239483407,8.291712512718803,4.739477901405822,2.159671855904259,8.341973543360442
390,-4.113254971525919,0.33416819970314005,18.957846696870913,7.604923239819221,8.291712513012317,4.739477901601359,2.159671856886638,8.34197354388354
391,-4.140122641636054,0.3341682000600347,18.957846697276196,7.604923240137961,8.291712513745152,4.739477902140647,2.159671857688932,8.341973544039318
392,-4.162249371286288,0.33416820032777494,18.957846697627176,7.604923240544056,8.291712514650117,4.739477902938587,2.1596718579309098,8.341973544080608
393,-4.134217767204424,0.33416820067038866,18.95784669824632,7.604923241297479,8.291712515115938,4.739477903473266,2.15967185881519,8.341973544620833
394,-4.172576314138221,0.3341682010098595,18.95784669894769,7.604923241558399,8.29171251513262,4.739477904277768,2.159671859602604,8.34197354518051
395,-4.1129487061290115,0.3341682012166668,18.957846699705186,7.604923242176438,8.291712515963518,4.739477904962781,2.159671860541736,8.341973545554673
396,-4.101504360408525,0.3341682019016259,18.957846700524385,7.604923242245238,8.29171251662493,4.739477905051803,2.1596718611277907,8.341973546352156
397,-4.139450703883455,0.3341682023997617,18.957846700750256,7.60492324292378,8.291712516859551,4.7394779059000935,2.159671861463568,8.341973546986543
398,-4.124947996060973,0.3341682027456763,18.957846701012347,7.604923243222517,8.291712517732423,4.739477906680672,2.159671861537959,8.341973547926507
399,-4.115142619450751,0.3341682032013693,18.957846701839234,7.604923243313597,8.291712518232286,4.739477907152803,2.1596718622181865,8.341973548388182
400,-4.129659744688131,0.3341682036742806,18.957846702519646,7.604923244045074,8.291712519221546,4.739477907287585,2.1596718623545734,8.341973548721414
401,-4.135601975310964,0.33416820368510397,18.957846702934578,7.6049232445884325,8.291712520048033,4.739477908046426,2.1596718630643057,8.34197354924912
402,-4.143687673152926,0.3341682045798929,18.95784670297529,7.604923244653427,8.291712520634478,4.739477908162562,2.1596718633306247,8.341973549327484
403,-4.10986746712978,0.3341682052973941,18.957846703270853,7.604923244742063,8.291712520983928,4.73947790816987,2.159671863397586,8.34197355023082
404,-4.138344602074029,0.33416820583050416,18.95784670369376,7.60492324498862,8.291712521038937,4.739477908418294,2.1596718635289136,8.341973551205715
405,-4.12896832371061,0.33416820646962814,18.957846704314782,7.604923245010494,8.291712521803312,4.739477908574327,2.1596718641773247,8.341973551921255
406,-4.130342905377668,0.33416820688410265,18.957846704912363,7.604923245033548,8.291712522036255,4.739477909518539,2.159671865084325,8.341973551949405
407,-4.087197362553719,0.3341682075920859,18.957846705866544,7.604923245606763,8.291712522413595,4.739477909568341,2.1596718654740896,8.341973552758702
408,-4.123944138647727,0.3341682085425469,18.957846706716072,7.604923245772674,8.291712523119887,4.73947790996357,2.1596718661086753,8.34197355323556
409,-4.129575972414548,0.3341682089185645,18.957846707606542,7.604923245830068,8.291712523744689,4.739477910149268,2.159671866589625,8.341973554198606
410,-4.11480716229006,0.3341682098988146,18.957846707838545,7.604923246377271,8.291712523774022,4.739477910200337,2.1596718666308967,8.341973554252297
411,-4.123927961449942,0.3341682099656032,18.9578467081161,7.604923246615406,8.291712524537656,4.739477910340625,2.1596718673804465,8.341973555206302
412,-4.123796256739963,0.3341682105474027,18.957846708533737,7.6049232471621835,8.291712524794898,4.739477910932978,2.159671867629794,8.341973555312666
413,-4.13857552278971,0.33416821089398663,18.95784670905982,7.604923247887706,8.291712525033914,4.739477911014305,2.159671868244913,8.341973556234073
414,-4.15234799512499,0.3341682116608269,18.957846710012088,7.604923248566178,8.291712525726203,4.7394779112941725,2.159671869093244,8.341973557026451
415,-4.170402388572277,0.3341682123678737,18.957846710896987,7.604923249042193,8.291712525908988,4.739477911724772,2.1596718693784647,8.341973557033931
416,-4.130577771241229,0.3341682132904489,18.957846710909752,7.604923249312158,8.291712526689043,4.739477912054913,2.1596718699173096,8.341973557292752
417,-4.118249185231394,0.33416821421101583,18.957846711816416,7.60492324957678,8.291712527037722,4.739477912666553,2.1596718700045323,8.341973557663678
418,-4.139235069458957,0.3341682150173214,18.957846712382825,7.604923250099819,8.291712528002067,4.739477913291243,2.159671870148228,8.341973557959763
419,-4.146496911106858,0.33416821530063856,18.957846713222015,7.604923250937707,8.291712528588391,4.739477914266319,2.159671870969313,8.341973558889455
420,-4.146380824338125,0.3341682158402725,18.957846713887495,7.6049232511671505,8.29171252908725,4.739477914658844,2.1596718714560574,8.341973559734528
421,-4.1650482923534655,0.33416821642643546,18.957846714066577,7.60492325153044,8.291712529536865,4.7394779155291555,2.1596718720237695,8.341973560177577
422,-4.171903668941775,0.33416821661829565,18.957846714349603,7.6049232522816395,8.29171253004277,4.739477915661446,2.1596718722916566,8.341973560380977
423,-4.150144764764328,0.3341682175690348,18.957846714755334,7.604923252856429,8.291712530492607,4.739477915787214,2.159671872459213,8.341973561198222
424,-4.14013264105619,0.3341682181795296,18.957846714813595,7.60492325296989,8.29171253120299,4.739477915839736,2.159671873413559,8.341973561783465
425,-4.137431181822199,0.3341682186508717,18.957846715613666,7.604923253692567,8.29171253183852,4.739477915886889,2.1596718737584513,8.341973562335314
426,-4.149287839841991,0.33416821890968723,18.957846716116492,7.604923254141271,8.291712532017394,4.73947791620134,2.1596718747052135,8.341973562627462
427,-4.112483022136204,0.33416821916819206,18.957846716763054,7.604923254283258,8.291712532797094,4.73947791636382,2.159671875399197,8.341973563427313
428,-4.151126924651785,0.3341682201317814,18.95784671755183,7.604923254512889,8.29171253333022,4.739477916609976,2.1596718758758,8.341973563876245
429,-4.122290366701461,0.3341682203247313,18.957846717944474,7.604923254808238,8.29171253368161,4.739477916717626,2.159671876706805,8.341973564143375
430,-4.168410069438817,0.3341682208054769,18.957846718625497,7.604923255088677,8.291712534497242,4.739477916742883,2.1596718768529914,8.341973564251147
431,-4.138262627252253,0.33416822119434947,18.957846719283413,7.604923255686633,8.29171253518082,4.739477917652394,2.159671877688864,8.341973564325064
432,-4.129974492163344,0.3341682215611076,18.957846719723705,7.604923255941155,8.291712535793158,4.739477917716684,2.1596718784786515,8.341973564892934
433,-4.164702274587501,0.33416822249773503,18.95784672067641,7.604923256371312,8.291712535955122,4.739477918332245,2.159671879276482,8.34197356558145
434,-4.169413786264078,0.33416822296145626,18.95784672108944,7.6049232569904675,8.291712536344946,4.73947791887685,2.1596718794253866,8.34197356631674
435,-4.194587761541597,0.33416822320494227,18.95784672177012,7.604923257529233,8.29171253660449,4.739477919862952,2.1596718795223317,8.34197356672371
436,-4.132841487181144,0.3341682241120098,18.957846722028656,7.604923258115005,8.291712537257887,4.739477920834782,2.1596718803408548,8.341973567539297
437,-4.139499033981057,0.3341682242785382,18.95784672297898,7.604923258925399,8.291712537574597,4.739477921728481,2.1596718811758264,8.341973568043384
438,-4.170731152184141,0.3341682244048937,18.957846723052057,7.604923259752462,8.29171253797404,4.739477922458532,2.1596718821003136,8.341973568831623
439,-4.135657302800379,0.33416822483433195,18.957846723892377,7.604923259945041,8.291712538518928,4.739477922701168,2.159671882318316,8.341973569082336
440,-4.146967823467296,0.3341682250908095,18.957846724790222,7.604923260778911,8.291712539029533,4.739477923433148,2.159671882915723,8.341973569716043
441,-4.132034573942123,0.33416822513195654,18.957846725053656,7.60492326103528,8.291712539655054,4.739477923520907,2.1596718832971753,8.341973569893389
442,-4.134857905677966,0.33416822569258914,18.957846725299955,7.604923261452971,8.291712540169176,4.73947792443294,2.1596718836434636,8.34197357085346
443,-4.170119089911364,0.3341682258330723,18.957846725301685,7.604923262077034,8.291712540374588,4.739477924968278,2.159671883869282,8.341973571663427
444,-4.122956991348193,0.3341682263357566,18.957846725449283,7.604923262920702,8.29171254062401,4.739477925854679,2.159671883997634,8.341973572382436
445,-4.131260130141327,0.33416822675622,18.95784672621282,7.604923263850107,8.291712541084836,4.739477926706284,2.1596718846455336,8.341973573321754
446,-4.146842468667901,0.3341682269219868,18.957846726227103,7.604923264599132,8.291712542054238,4.739477927224917,2.1596718848212677,8.341973573375942
447,-4.147009705311297,0.33416822717608413,18.957846726579415,7.604923265388155,8.29171254235602,4.739477928213424,2.159671885304586,8.341973574151462
448,-4.137604839930649,0.3341682274205643,18.95784672662571,7.60492326581988,8.291712542499111,4.739477928284058,2.1596718862200297,8.34197357469912
449,-4.142493529940171,0.33416822831719145,18.95784672743085,7.60492326629376,8.291712543003161,4.739477929039858,2.1596718868853197,8.341973575114539
450,-4.095229714846209,0.3341682290957326,18.957846727779277,7.604923266502156,8.291712543083655,4.739477929585573,2.1596718878323147,8.341973576104738
451,-4.13594707792738,0.33416822984639216,18.957846728325173,7.604923267307384,8.29171254405392,4.739477930518708,2.159671888765116,8.341973576872498
452,-4.111486753092109,0.3341682307269808,18.9578467289459,7.604923268118763,8.29171254435733,4.739477930985812,2.1596718890025155,8.341973577829927
453,-4.095774494386312,0.33416823116474537,18.95784672931249,7.604923268221813,8.291712545069329,4.739477931790687,2.159671889130665,8.341973577976512
454,-4.158327841928223,0.3341682314279558,18.957846729915286,7.604923268242376,8.291712545188439,4.739477931989691,2.159671889906706,8.341973578502609
455,-4.119969921461536,0.33416823151206915,18.957846729958952,7.604923268721299,8.291712545991409,4.7394779325381196,2.1596718901102077,8.341973578575903
456,-4.147788024777556,0.33416823182790134,18.95784673075458,7.60492326876227,8.291712546133873,4.739477933345713,2.159671890773284,8.341973579486812
457,-4.139274422127591,0.3341682325741171,18.95784673138097,7.6049232692269495,8.291712546781055,4.739477933513222,2.1596718917421533,8.341973579739655
458,-4.128182449628896,0.3341682329406751,18.95784673222128,7.604923270113741,8.291712547395894,4.739477934123814,2.1596718920247686,8.341973580432951
459,-4.145020748477453,0.3341682330264717,18.957846732813774,7.604923270445939,8.291712548317083,4.739477934619487,2.1596718924084666,8.34197358110273
460,-4.162514373315185,0.3341682333634113,18.957846732999066,7.604923270828838,8.291712549075154,4.73947793480266,2.1596718924486162,8.341973582011779
461,-4.116617958512069,0.33416823425823233,18.95784673322698,7.604923271803292,8.29171254916807,4.739477935060236,2.159671893418252,8.341973582881248
462,-4.136233587096264,0.33416823509085386,18.957846734034693,7.6049232724286915,8.291712549363858,4.739477935102032,2.159671894087172,8.341973583623204
463,-4.152374313207039,0.33416823527931644,18.957846735032874,7.604923273403058,8.291712549745851,4.739477935621892,2.159671894473711,8.341973584480943
464,-4.194857884003177,0.33416823530262346,18.95784673545846,7.604923273872723,8.291712550682895,4.739477936220037,2.15967189472874,8.341973585057374
465,-4.13408894868763,0.3341682361633087,18.957846736015203,7.604923274090385,8.29171255130776,4.739477936548088,2.159671894804294,8.341973585139964
466,-4.093172489963802,0.3341682366835384,18.957846736197858,7.604923274599654,8.291712551593191,4.739477936629293,2.1596718951621363,8.341973585833038
467,-4.111589948816796,0.3341682374195587,18.957846736845095,7.604923275027203,8.29171255250964,4.739477937243844,2.1596718956274477,8.341973586588797
468,-4.130181618154273,0.33416823779467086,18.95784673730971,7.604923275576817,8.291712553034106,4.739477937867358,2.159671896304737,8.341973587161801
469,-4.12603895981904,0.33416823804281776,18.95784673801477,7.604923276366858,8.291712553181059,4.739477938717482,2.1596718970982955,8.341973587970239
470,-4.139609258155578,0.334168238172177,18.95784673887548,7.60492327730288,8.291712553635476,4.739477939118619,2.15967189749594,8.341973588316062
471,-4.119144708809583,0.33416823896146597,18.957846739786845,7.604923278035737,8.29171255377577,4.73947793959372,2.159671898102935,8.341973589263635
472,-4.119812914623332,0.33416823988535654,18.95784673990391,7.604923278974394,8.291712554135437,4.73947793970249,2.1596718984260788,8.341973589405109
473,-4.1020283227371,0.33416824081746843,18.957846740797837,7.604923279128574,8.29171255427923,4.739477940283277,2.1596718989410446,8.341973590366502
474,-4.142062071110824,0.334168241392521,18.957846741289362,7.604923279368661,8.29171255495864,4.7394779412356245,2.1596718991506108,8.341973590435279
475,-4.141785909601427,0.3341682418007713,18.95784674139809,7.604923279911327,8.29171255516585,4.739477942172627,2.159671899961487,8.341973590766795
476,-4.145856569520387,0.3341682425318831,18.957846741683753,7.604923280357707,8.291712555993056,4.739477942784872,2.159671900306314,8.341973591194781
477,-4.115549329093987,0.3341682435066145,18.95784674221801,7.604923281287293,8.29171255695905,4.739477943086334,2.15967190070771,8.341973591722663
478,-4.112601455575124,0.3341682444563152,18.95784674227261,7.604923281649006,8.291712557358867,4.73947794398985,2.1596719009060985,8.341973591919656
479,-4.141754770879832,0.33416824492135355,18.957846743053466,7.604923281831718,8.291712558204503,4.739477944769251,2.159671901193809,8.341973592538904
480,-4.146584507512994,0.3341682451068586,18.957846743802296,7.6049232820975625,8.291712558381416,4.739477945608501,2.1596719019389976,8.341973592588477
481,-4.122342519567004,0.33416824587867966,18.957846744097797,7.604923282709405,8.291712559367335,4.7394779459659935,2.1596719020497557,8.341973593047685
482,-4.141836754125838,0.3341682463465556,18.957846744426263,7.604923283665895,8.291712559812288,4.739477946360829,2.15967190219535,8.341973593746198
483,-4.134435454641295,0.3341682468636992,18.957846745354306,7.604923283922369,8.291712560781294,4.7394779468631265,2.1596719029815477,8.341973594695705
484,-4.124567791297276,0.3341682475934343,18.957846746005035,7.6049232842150465,8.291712561714284,4.739477947487462,2.159671903314301,8.34197359506103
485,-4.101593980295259,0.33416824811717977,18.957846746472093,7.604923284999598,8.291712562660376,4.739477948040869,2.1596719037052217,8.341973595987273
486,-4.103830767493896,0.3341682490991177,18.95784674719437,7.604923285001309,8.291712563133048,4.739477948829258,2.159671904173973,8.341973596002639
487,-4.151070988153374,0.3341682492274109,18.957846748126958,7.604923285473921,8.291712563233862,4.73947794913713,2.1596719042130634,8.34197359626179
488,-4.128543548370814,0.3341682495267196,18.957846748591987,7.6049232857625055,8.291712563891922,4.739477949200198,2.159671904466828,8.341973596378342
489,-4.079962340504044,0.3341682500769976,18.957846749343776,7.604923286405675,8.29171256474891,4.739477949612966,2.1596719045203043,8.341973597124174
490,-4.175283949666863,0.33416825092664815,18.95784674964037,7.604923286478169,8.291712565636706,4.739477950029659,2.1596719045371526,8.3419735977971
491,-4.1393625111693435,0.3341682510838883,18.957846750271596,7.6049232865369865,8.291712565999623,4.739477950086136,2.1596719049786692,8.341973598387439
492,-4.077453967319774,0.3341682516082673,18.95784675039218,7.604923287375348,8.291712566730043,4.73947795103803,2.1596719057113667,8.341973599180536
493,-4.160262247481452,0.3341682524185629,18.957846750798666,7.604923288215166,8.291712567669569,4.7394779512459815,2.15967190603334,8.3419735992431
494,-4.145431413030066,0.33416825312212395,18.957846751100128,7.604923289142163,8.291712567906766,4.739477951383545,2.159671906721186,8.341973599543026
495,-4.146166616228319,0.33416825378524695,18.957846751516744,7.604923289861681,8.291712568729181,4.739477951949772,2.1596719070257815,8.341973599588192
496,-4.1495834700242105,0.3341682546272088,18.957846752047292,7.604923290390701,8.29171256953514,4.739477952539706,2.1596719073123567,8.341973599872267
497,-4.161974368058228,0.3341682554621765,18.95784675292171,7.604923290447049,8.291712569955616,4.73947795298345,2.1596719079444346,8.341973600105561
498,-4.138599454182414,0.3341682563560506,18.957846753265176,7.6049232905093875,8.291712570605217,4.739477953218228,2.159671908162507,8.341973600171945
499,-4.173670338226277,0.33416825669612316,18.957846754156286,7.6049232909182685,8.291712570820957,4.739477954024098,2.1596719084320557,8.341973600427403
